DATE,CSUSHPISA,Year,Month,Per_Capita_GDP,urban_pop_us_x,Num_Households_x,median_income_x,Subsidy_x,old_age_pop_x,urban_pop_us_y,Num_Households_y,median_income_y,Subsidy_y,old_age_pop_y
2006-01-01,182.321,2006,1,13599.16,80.099,114384.0,70080.0,28.604,12.1840000918956,80.099,114384.0,70080.0,28.604,12.1840000918956
2006-02-01,183.288,2006,2,13650.581333333334,80.099,114384.0,70080.0,28.604,12.1840000918956,80.099,114384.0,70080.0,28.604,12.1840000918956
2006-03-01,184.365,2006,3,13702.002666666667,80.099,114384.0,70080.0,28.604,12.1840000918956,80.099,114384.0,70080.0,28.604,12.1840000918956
2006-04-01,184.329,2006,4,13753.424,80.099,114384.0,70080.0,28.604,12.1840000918956,80.099,114384.0,70080.0,28.604,12.1840000918956
2006-05-01,184.155,2006,5,13792.345333333335,80.099,114384.0,70080.0,28.604,12.1840000918956,80.099,114384.0,70080.0,28.604,12.1840000918956
2006-06-01,183.507,2006,6,13831.266666666666,80.099,114384.0,70080.0,28.604,12.1840000918956,80.099,114384.0,70080.0,28.604,12.1840000918956
2006-07-01,183.066,2006,7,13870.188,80.099,114384.0,70080.0,28.604,12.1840000918956,80.099,114384.0,70080.0,28.604,12.1840000918956
2006-08-01,182.593,2006,8,13926.645333333334,80.099,114384.0,70080.0,28.604,12.1840000918956,80.099,114384.0,70080.0,28.604,12.1840000918956
2006-09-01,182.797,2006,9,13983.102666666666,80.099,114384.0,70080.0,28.604,12.1840000918956,80.099,114384.0,70080.0,28.604,12.1840000918956
2006-10-01,183.197,2006,10,14039.56,80.099,114384.0,70080.0,28.604,12.1840000918956,80.099,114384.0,70080.0,28.604,12.1840000918956
2006-11-01,183.607,2006,11,14098.257,80.099,114384.0,70080.0,28.604,12.1840000918956,80.099,114384.0,70080.0,28.604,12.1840000918956
2006-12-01,184.139,2006,12,14156.954,80.099,114384.0,70080.0,28.604,12.1840000918956,80.099,114384.0,70080.0,28.604,12.1840000918956
2007-01-01,184.517,2007,1,14215.651,80.269,116011.0,71210.0,29.512,12.310107950036,80.269,116011.0,71210.0,29.512,12.310107950036
2007-02-01,184.599,2007,2,14277.794666666667,80.269,116011.0,71210.0,29.512,12.310107950036,80.269,116011.0,71210.0,29.512,12.310107950036
2007-03-01,184.15,2007,3,14339.938333333334,80.269,116011.0,71210.0,29.512,12.310107950036,80.269,116011.0,71210.0,29.512,12.310107950036
2007-04-01,183.01,2007,4,14402.082,80.269,116011.0,71210.0,29.512,12.310107950036,80.269,116011.0,71210.0,29.512,12.310107950036
2007-05-01,181.601,2007,5,14456.093666666668,80.269,116011.0,71210.0,29.512,12.310107950036,80.269,116011.0,71210.0,29.512,12.310107950036
2007-06-01,180.253,2007,6,14510.105333333333,80.269,116011.0,71210.0,29.512,12.310107950036,80.269,116011.0,71210.0,29.512,12.310107950036
2007-07-01,179.11,2007,7,14564.117,80.269,116011.0,71210.0,29.512,12.310107950036,80.269,116011.0,71210.0,29.512,12.310107950036
2007-08-01,178.116,2007,8,14614.430666666667,80.269,116011.0,71210.0,29.512,12.310107950036,80.269,116011.0,71210.0,29.512,12.310107950036
2007-09-01,177.55700000000002,2007,9,14664.744333333334,80.269,116011.0,71210.0,29.512,12.310107950036,80.269,116011.0,71210.0,29.512,12.310107950036
2007-10-01,176.623,2007,10,14715.058,80.269,116011.0,71210.0,29.512,12.310107950036,80.269,116011.0,71210.0,29.512,12.310107950036
2007-11-01,175.146,2007,11,14712.218,80.269,116011.0,71210.0,29.512,12.310107950036,80.269,116011.0,71210.0,29.512,12.310107950036
2007-12-01,174.34099999999998,2007,12,14709.378,80.269,116011.0,71210.0,29.512,12.310107950036,80.269,116011.0,71210.0,29.512,12.310107950036
2008-01-01,173.132,2008,1,14706.538,80.438,116783.0,68780.0,29.876,12.4866608131465,80.438,116783.0,68780.0,29.876,12.4866608131465
2008-02-01,171.54,2008,2,14759.592333333334,80.438,116783.0,68780.0,29.876,12.4866608131465,80.438,116783.0,68780.0,29.876,12.4866608131465
2008-03-01,170.05200000000002,2008,3,14812.646666666666,80.438,116783.0,68780.0,29.876,12.4866608131465,80.438,116783.0,68780.0,29.876,12.4866608131465
2008-04-01,168.33599999999998,2008,4,14865.701,80.438,116783.0,68780.0,29.876,12.4866608131465,80.438,116783.0,68780.0,29.876,12.4866608131465
2008-05-01,166.657,2008,5,14876.800333333333,80.438,116783.0,68780.0,29.876,12.4866608131465,80.438,116783.0,68780.0,29.876,12.4866608131465
2008-06-01,165.016,2008,6,14887.899666666666,80.438,116783.0,68780.0,29.876,12.4866608131465,80.438,116783.0,68780.0,29.876,12.4866608131465
2008-07-01,163.565,2008,7,14898.999,80.438,116783.0,68780.0,29.876,12.4866608131465,80.438,116783.0,68780.0,29.876,12.4866608131465
2008-08-01,161.987,2008,8,14802.069,80.438,116783.0,68780.0,29.876,12.4866608131465,80.438,116783.0,68780.0,29.876,12.4866608131465
2008-09-01,160.30700000000002,2008,9,14705.139000000001,80.438,116783.0,68780.0,29.876,12.4866608131465,80.438,116783.0,68780.0,29.876,12.4866608131465
2008-10-01,158.326,2008,10,14608.209,80.438,116783.0,68780.0,29.876,12.4866608131465,80.438,116783.0,68780.0,29.876,12.4866608131465
2008-11-01,156.141,2008,11,14549.106666666667,80.438,116783.0,68780.0,29.876,12.4866608131465,80.438,116783.0,68780.0,29.876,12.4866608131465
2008-12-01,153.618,2008,12,14490.004333333334,80.438,116783.0,68780.0,29.876,12.4866608131465,80.438,116783.0,68780.0,29.876,12.4866608131465
2009-01-01,151.506,2009,1,14430.902,80.606,117181.0,68340.0,32.883,12.6710930384686,80.606,117181.0,68340.0,32.883,12.6710930384686
2009-02-01,150.014,2009,2,14414.346666666666,80.606,117181.0,68340.0,32.883,12.6710930384686,80.606,117181.0,68340.0,32.883,12.6710930384686
2009-03-01,148.66,2009,3,14397.791333333334,80.606,117181.0,68340.0,32.883,12.6710930384686,80.606,117181.0,68340.0,32.883,12.6710930384686
2009-04-01,147.94899999999998,2009,4,14381.236,80.606,117181.0,68340.0,32.883,12.6710930384686,80.606,117181.0,68340.0,32.883,12.6710930384686
2009-05-01,147.69299999999998,2009,5,14403.784666666666,80.606,117181.0,68340.0,32.883,12.6710930384686,80.606,117181.0,68340.0,32.883,12.6710930384686
2009-06-01,148.088,2009,6,14426.333333333334,80.606,117181.0,68340.0,32.883,12.6710930384686,80.606,117181.0,68340.0,32.883,12.6710930384686
2009-07-01,148.408,2009,7,14448.882,80.606,117181.0,68340.0,32.883,12.6710930384686,80.606,117181.0,68340.0,32.883,12.6710930384686
2009-08-01,148.27700000000002,2009,8,14516.337666666666,80.606,117181.0,68340.0,32.883,12.6710930384686,80.606,117181.0,68340.0,32.883,12.6710930384686
2009-09-01,148.025,2009,9,14583.793333333333,80.606,117181.0,68340.0,32.883,12.6710930384686,80.606,117181.0,68340.0,32.883,12.6710930384686
2009-10-01,147.85,2009,10,14651.249,80.606,117181.0,68340.0,32.883,12.6710930384686,80.606,117181.0,68340.0,32.883,12.6710930384686
2009-11-01,148.136,2009,11,14689.036,80.606,117181.0,68340.0,32.883,12.6710930384686,80.606,117181.0,68340.0,32.883,12.6710930384686
2009-12-01,147.931,2009,12,14726.823,80.606,117181.0,68340.0,32.883,12.6710930384686,80.606,117181.0,68340.0,32.883,12.6710930384686
2010-01-01,147.39700000000002,2010,1,14764.61,80.772,117538.0,66730.0,32.669,12.8447616637143,80.772,117538.0,66730.0,32.669,12.8447616637143
2010-02-01,145.632,2010,2,14836.471,80.772,117538.0,66730.0,32.669,12.8447616637143,80.772,117538.0,66730.0,32.669,12.8447616637143
2010-03-01,145.858,2010,3,14908.332,80.772,117538.0,66730.0,32.669,12.8447616637143,80.772,117538.0,66730.0,32.669,12.8447616637143
2010-04-01,146.401,2010,4,14980.193,80.772,117538.0,66730.0,32.669,12.8447616637143,80.772,117538.0,66730.0,32.669,12.8447616637143
2010-05-01,146.391,2010,5,15033.997666666666,80.772,117538.0,66730.0,32.669,12.8447616637143,80.772,117538.0,66730.0,32.669,12.8447616637143
2010-06-01,145.718,2010,6,15087.802333333333,80.772,117538.0,66730.0,32.669,12.8447616637143,80.772,117538.0,66730.0,32.669,12.8447616637143
2010-07-01,144.986,2010,7,15141.607,80.772,117538.0,66730.0,32.669,12.8447616637143,80.772,117538.0,66730.0,32.669,12.8447616637143
2010-08-01,143.911,2010,8,15197.562666666667,80.772,117538.0,66730.0,32.669,12.8447616637143,80.772,117538.0,66730.0,32.669,12.8447616637143
2010-09-01,143.015,2010,9,15253.518333333333,80.772,117538.0,66730.0,32.669,12.8447616637143,80.772,117538.0,66730.0,32.669,12.8447616637143
2010-10-01,142.526,2010,10,15309.474,80.772,117538.0,66730.0,32.669,12.8447616637143,80.772,117538.0,66730.0,32.669,12.8447616637143
2010-11-01,142.166,2010,11,15323.465333333334,80.772,117538.0,66730.0,32.669,12.8447616637143,80.772,117538.0,66730.0,32.669,12.8447616637143
2010-12-01,142.053,2010,12,15337.456666666667,80.772,117538.0,66730.0,32.669,12.8447616637143,80.772,117538.0,66730.0,32.669,12.8447616637143
2011-01-01,141.515,2011,1,15351.448,80.944,119927.0,65750.0,34.23,13.0663304653738,80.944,119927.0,65750.0,34.23,13.0663304653738
2011-02-01,140.342,2011,2,15420.145,80.944,119927.0,65750.0,34.23,13.0663304653738,80.944,119927.0,65750.0,34.23,13.0663304653738
2011-03-01,139.974,2011,3,15488.842,80.944,119927.0,65750.0,34.23,13.0663304653738,80.944,119927.0,65750.0,34.23,13.0663304653738
2011-04-01,140.006,2011,4,15557.539,80.944,119927.0,65750.0,34.23,13.0663304653738,80.944,119927.0,65750.0,34.23,13.0663304653738
2011-05-01,139.903,2011,5,15587.586000000001,80.944,119927.0,65750.0,34.23,13.0663304653738,80.944,119927.0,65750.0,34.23,13.0663304653738
2011-06-01,139.859,2011,6,15617.633,80.944,119927.0,65750.0,34.23,13.0663304653738,80.944,119927.0,65750.0,34.23,13.0663304653738
2011-07-01,139.72799999999998,2011,7,15647.68,80.944,119927.0,65750.0,34.23,13.0663304653738,80.944,119927.0,65750.0,34.23,13.0663304653738
2011-08-01,139.306,2011,8,15712.539666666667,80.944,119927.0,65750.0,34.23,13.0663304653738,80.944,119927.0,65750.0,34.23,13.0663304653738
2011-09-01,138.664,2011,9,15777.399333333333,80.944,119927.0,65750.0,34.23,13.0663304653738,80.944,119927.0,65750.0,34.23,13.0663304653738
2011-10-01,137.947,2011,10,15842.259,80.944,119927.0,65750.0,34.23,13.0663304653738,80.944,119927.0,65750.0,34.23,13.0663304653738
2011-11-01,137.14600000000002,2011,11,15917.774333333333,80.944,119927.0,65750.0,34.23,13.0663304653738,80.944,119927.0,65750.0,34.23,13.0663304653738
2011-12-01,136.668,2011,12,15993.289666666667,80.944,119927.0,65750.0,34.23,13.0663304653738,80.944,119927.0,65750.0,34.23,13.0663304653738
2012-01-01,136.602,2012,1,16068.805,81.119,121084.0,65740.0,33.283,13.3766080380696,81.119,121084.0,65740.0,33.283,13.3766080380696
2012-02-01,136.526,2012,2,16114.908333333333,81.119,121084.0,65740.0,33.283,13.3766080380696,81.119,121084.0,65740.0,33.283,13.3766080380696
2012-03-01,137.89700000000002,2012,3,16161.011666666667,81.119,121084.0,65740.0,33.283,13.3766080380696,81.119,121084.0,65740.0,33.283,13.3766080380696
2012-04-01,139.148,2012,4,16207.115,81.119,121084.0,65740.0,33.283,13.3766080380696,81.119,121084.0,65740.0,33.283,13.3766080380696
2012-05-01,140.149,2012,5,16244.590333333334,81.119,121084.0,65740.0,33.283,13.3766080380696,81.119,121084.0,65740.0,33.283,13.3766080380696
2012-06-01,141.02700000000002,2012,6,16282.065666666665,81.119,121084.0,65740.0,33.283,13.3766080380696,81.119,121084.0,65740.0,33.283,13.3766080380696
2012-07-01,141.668,2012,7,16319.541,81.119,121084.0,65740.0,33.283,13.3766080380696,81.119,121084.0,65740.0,33.283,13.3766080380696
2012-08-01,142.278,2012,8,16353.167,81.119,121084.0,65740.0,33.283,13.3766080380696,81.119,121084.0,65740.0,33.283,13.3766080380696
2012-09-01,142.905,2012,9,16386.793,81.119,121084.0,65740.0,33.283,13.3766080380696,81.119,121084.0,65740.0,33.283,13.3766080380696
2012-10-01,143.595,2012,10,16420.419,81.119,121084.0,65740.0,33.283,13.3766080380696,81.119,121084.0,65740.0,33.283,13.3766080380696
2012-11-01,144.578,2012,11,16496.342333333334,81.119,121084.0,65740.0,33.283,13.3766080380696,81.119,121084.0,65740.0,33.283,13.3766080380696
2012-12-01,145.494,2012,12,16572.265666666666,81.119,121084.0,65740.0,33.283,13.3766080380696,81.119,121084.0,65740.0,33.283,13.3766080380696
2013-01-01,146.82,2013,1,16648.189,81.299,122459.0,68220.0,33.213,13.7011927174869,81.299,122459.0,68220.0,33.213,13.7011927174869
2013-02-01,147.77700000000002,2013,2,16675.021666666667,81.299,122459.0,68220.0,33.213,13.7011927174869,81.299,122459.0,68220.0,33.213,13.7011927174869
2013-03-01,149.957,2013,3,16701.854333333333,81.299,122459.0,68220.0,33.213,13.7011927174869,81.299,122459.0,68220.0,33.213,13.7011927174869
2013-04-01,151.514,2013,4,16728.687,81.299,122459.0,68220.0,33.213,13.7011927174869,81.299,122459.0,68220.0,33.213,13.7011927174869
2013-05-01,152.846,2013,5,16803.737333333334,81.299,122459.0,68220.0,33.213,13.7011927174869,81.299,122459.0,68220.0,33.213,13.7011927174869
2013-06-01,154.196,2013,6,16878.787666666667,81.299,122459.0,68220.0,33.213,13.7011927174869,81.299,122459.0,68220.0,33.213,13.7011927174869
2013-07-01,155.601,2013,7,16953.838,81.299,122459.0,68220.0,33.213,13.7011927174869,81.299,122459.0,68220.0,33.213,13.7011927174869
2013-08-01,156.957,2013,8,17033.231666666667,81.299,122459.0,68220.0,33.213,13.7011927174869,81.299,122459.0,68220.0,33.213,13.7011927174869
2013-09-01,158.22,2013,9,17112.625333333333,81.299,122459.0,68220.0,33.213,13.7011927174869,81.299,122459.0,68220.0,33.213,13.7011927174869
2013-10-01,159.238,2013,10,17192.019,81.299,122459.0,68220.0,33.213,13.7011927174869,81.299,122459.0,68220.0,33.213,13.7011927174869
2013-11-01,160.07399999999998,2013,11,17193.925333333333,81.299,122459.0,68220.0,33.213,13.7011927174869,81.299,122459.0,68220.0,33.213,13.7011927174869
2013-12-01,160.993,2013,12,17195.83166666667,81.299,122459.0,68220.0,33.213,13.7011927174869,81.299,122459.0,68220.0,33.213,13.7011927174869
2014-01-01,161.924,2014,1,17197.738,81.483,123229.0,67360.0,33.806,14.0089266008532,81.483,123229.0,67360.0,33.806,14.0089266008532
2014-02-01,162.52100000000002,2014,2,17304.661333333333,81.483,123229.0,67360.0,33.806,14.0089266008532,81.483,123229.0,67360.0,33.806,14.0089266008532
2014-03-01,163.08,2014,3,17411.58466666667,81.483,123229.0,67360.0,33.806,14.0089266008532,81.483,123229.0,67360.0,33.806,14.0089266008532
2014-04-01,163.385,2014,4,17518.508,81.483,123229.0,67360.0,33.806,14.0089266008532,81.483,123229.0,67360.0,33.806,14.0089266008532
2014-05-01,163.651,2014,5,17613.748,81.483,123229.0,67360.0,33.806,14.0089266008532,81.483,123229.0,67360.0,33.806,14.0089266008532
2014-06-01,164.05900000000003,2014,6,17708.988,81.483,123229.0,67360.0,33.806,14.0089266008532,81.483,123229.0,67360.0,33.806,14.0089266008532
2014-07-01,164.583,2014,7,17804.228,81.483,123229.0,67360.0,33.806,14.0089266008532,81.483,123229.0,67360.0,33.806,14.0089266008532
2014-08-01,165.207,2014,8,17840.178333333333,81.483,123229.0,67360.0,33.806,14.0089266008532,81.483,123229.0,67360.0,33.806,14.0089266008532
2014-09-01,165.898,2014,9,17876.128666666667,81.483,123229.0,67360.0,33.806,14.0089266008532,81.483,123229.0,67360.0,33.806,14.0089266008532
2014-10-01,166.634,2014,10,17912.079,81.483,123229.0,67360.0,33.806,14.0089266008532,81.483,123229.0,67360.0,33.806,14.0089266008532
2014-11-01,167.328,2014,11,17962.562333333335,81.483,123229.0,67360.0,33.806,14.0089266008532,81.483,123229.0,67360.0,33.806,14.0089266008532
2014-12-01,168.044,2014,12,18013.045666666665,81.483,123229.0,67360.0,33.806,14.0089266008532,81.483,123229.0,67360.0,33.806,14.0089266008532
2015-01-01,168.62099999999998,2015,1,18063.529,81.671,124587.0,71000.0,34.859,14.3102247136795,81.671,124587.0,71000.0,34.859,14.3102247136795
2015-02-01,169.11900000000003,2015,2,18135.613999999998,81.671,124587.0,71000.0,34.859,14.3102247136795,81.671,124587.0,71000.0,34.859,14.3102247136795
2015-03-01,169.78900000000002,2015,3,18207.699,81.671,124587.0,71000.0,34.859,14.3102247136795,81.671,124587.0,71000.0,34.859,14.3102247136795
2015-04-01,170.28900000000002,2015,4,18279.784,81.671,124587.0,71000.0,34.859,14.3102247136795,81.671,124587.0,71000.0,34.859,14.3102247136795
2015-05-01,170.87099999999998,2015,5,18320.398,81.671,124587.0,71000.0,34.859,14.3102247136795,81.671,124587.0,71000.0,34.859,14.3102247136795
2015-06-01,171.46900000000002,2015,6,18361.012,81.671,124587.0,71000.0,34.859,14.3102247136795,81.671,124587.0,71000.0,34.859,14.3102247136795
2015-07-01,172.146,2015,7,18401.626,81.671,124587.0,71000.0,34.859,14.3102247136795,81.671,124587.0,71000.0,34.859,14.3102247136795
2015-08-01,172.923,2015,8,18412.796333333332,81.671,124587.0,71000.0,34.859,14.3102247136795,81.671,124587.0,71000.0,34.859,14.3102247136795
2015-09-01,173.815,2015,9,18423.966666666667,81.671,124587.0,71000.0,34.859,14.3102247136795,81.671,124587.0,71000.0,34.859,14.3102247136795
2015-10-01,174.778,2015,10,18435.137,81.671,124587.0,71000.0,34.859,14.3102247136795,81.671,124587.0,71000.0,34.859,14.3102247136795
2015-11-01,175.72299999999998,2015,11,18465.40233333333,81.671,124587.0,71000.0,34.859,14.3102247136795,81.671,124587.0,71000.0,34.859,14.3102247136795
2015-12-01,176.52700000000002,2015,12,18495.667666666668,81.671,124587.0,71000.0,34.859,14.3102247136795,81.671,124587.0,71000.0,34.859,14.3102247136795
2016-01-01,177.25099999999998,2016,1,18525.933,81.862,125819.0,73520.0,37.55,14.6147285118987,81.862,125819.0,73520.0,37.55,14.6147285118987
2016-02-01,177.635,2016,2,18587.856,81.862,125819.0,73520.0,37.55,14.6147285118987,81.862,125819.0,73520.0,37.55,14.6147285118987
2016-03-01,178.153,2016,3,18649.779000000002,81.862,125819.0,73520.0,37.55,14.6147285118987,81.862,125819.0,73520.0,37.55,14.6147285118987
2016-04-01,178.75400000000002,2016,4,18711.702,81.862,125819.0,73520.0,37.55,14.6147285118987,81.862,125819.0,73520.0,37.55,14.6147285118987
2016-05-01,179.412,2016,5,18772.014333333333,81.862,125819.0,73520.0,37.55,14.6147285118987,81.862,125819.0,73520.0,37.55,14.6147285118987
2016-06-01,180.076,2016,6,18832.326666666668,81.862,125819.0,73520.0,37.55,14.6147285118987,81.862,125819.0,73520.0,37.55,14.6147285118987
2016-07-01,180.843,2016,7,18892.639,81.862,125819.0,73520.0,37.55,14.6147285118987,81.862,125819.0,73520.0,37.55,14.6147285118987
2016-08-01,181.828,2016,8,18958.219,81.862,125819.0,73520.0,37.55,14.6147285118987,81.862,125819.0,73520.0,37.55,14.6147285118987
2016-09-01,182.804,2016,9,19023.799,81.862,125819.0,73520.0,37.55,14.6147285118987,81.862,125819.0,73520.0,37.55,14.6147285118987
2016-10-01,183.733,2016,10,19089.379,81.862,125819.0,73520.0,37.55,14.6147285118987,81.862,125819.0,73520.0,37.55,14.6147285118987
2016-11-01,184.742,2016,11,19152.947333333334,81.862,125819.0,73520.0,37.55,14.6147285118987,81.862,125819.0,73520.0,37.55,14.6147285118987
2016-12-01,185.707,2016,12,19216.515666666666,81.862,125819.0,73520.0,37.55,14.6147285118987,81.862,125819.0,73520.0,37.55,14.6147285118987
2017-01-01,186.785,2017,1,19280.084,82.058,126224.0,74810.0,35.771,14.9391233929999,82.058,126224.0,74810.0,35.771,14.9391233929999
2017-02-01,187.308,2017,2,19332.936999999998,82.058,126224.0,74810.0,35.771,14.9391233929999,82.058,126224.0,74810.0,35.771,14.9391233929999
2017-03-01,187.984,2017,3,19385.79,82.058,126224.0,74810.0,35.771,14.9391233929999,82.058,126224.0,74810.0,35.771,14.9391233929999
2017-04-01,188.712,2017,4,19438.643,82.058,126224.0,74810.0,35.771,14.9391233929999,82.058,126224.0,74810.0,35.771,14.9391233929999
2017-05-01,189.597,2017,5,19523.29366666667,82.058,126224.0,74810.0,35.771,14.9391233929999,82.058,126224.0,74810.0,35.771,14.9391233929999
2017-06-01,190.484,2017,6,19607.944333333333,82.058,126224.0,74810.0,35.771,14.9391233929999,82.058,126224.0,74810.0,35.771,14.9391233929999
2017-07-01,191.441,2017,7,19692.595,82.058,126224.0,74810.0,35.771,14.9391233929999,82.058,126224.0,74810.0,35.771,14.9391233929999
2017-08-01,192.632,2017,8,19807.426,82.058,126224.0,74810.0,35.771,14.9391233929999,82.058,126224.0,74810.0,35.771,14.9391233929999
2017-09-01,193.729,2017,9,19922.257,82.058,126224.0,74810.0,35.771,14.9391233929999,82.058,126224.0,74810.0,35.771,14.9391233929999
2017-10-01,194.778,2017,10,20037.088,82.058,126224.0,74810.0,35.771,14.9391233929999,82.058,126224.0,74810.0,35.771,14.9391233929999
2017-11-01,195.933,2017,11,20134.243,82.058,126224.0,74810.0,35.771,14.9391233929999,82.058,126224.0,74810.0,35.771,14.9391233929999
2017-12-01,197.157,2017,12,20231.398,82.058,126224.0,74810.0,35.771,14.9391233929999,82.058,126224.0,74810.0,35.771,14.9391233929999
2018-01-01,198.297,2018,1,20328.553,82.256,127586.0,75790.0,38.859,15.2914866245804,82.256,127586.0,75790.0,38.859,15.2914866245804
2018-02-01,199.23,2018,2,20412.672666666665,82.256,127586.0,75790.0,38.859,15.2914866245804,82.256,127586.0,75790.0,38.859,15.2914866245804
2018-03-01,199.966,2018,3,20496.792333333335,82.256,127586.0,75790.0,38.859,15.2914866245804,82.256,127586.0,75790.0,38.859,15.2914866245804
2018-04-01,200.652,2018,4,20580.912,82.256,127586.0,75790.0,38.859,15.2914866245804,82.256,127586.0,75790.0,38.859,15.2914866245804
2018-05-01,201.41,2018,5,20653.518,82.256,127586.0,75790.0,38.859,15.2914866245804,82.256,127586.0,75790.0,38.859,15.2914866245804
2018-06-01,202.189,2018,6,20726.124,82.256,127586.0,75790.0,38.859,15.2914866245804,82.256,127586.0,75790.0,38.859,15.2914866245804
2018-07-01,202.878,2018,7,20798.73,82.256,127586.0,75790.0,38.859,15.2914866245804,82.256,127586.0,75790.0,38.859,15.2914866245804
2018-08-01,203.65,2018,8,20838.442333333332,82.256,127586.0,75790.0,38.859,15.2914866245804,82.256,127586.0,75790.0,38.859,15.2914866245804
2018-09-01,204.31,2018,9,20878.154666666665,82.256,127586.0,75790.0,38.859,15.2914866245804,82.256,127586.0,75790.0,38.859,15.2914866245804
2018-10-01,205.076,2018,10,20917.867,82.256,127586.0,75790.0,38.859,15.2914866245804,82.256,127586.0,75790.0,38.859,15.2914866245804
2018-11-01,205.652,2018,11,20982.444666666666,82.256,127586.0,75790.0,38.859,15.2914866245804,82.256,127586.0,75790.0,38.859,15.2914866245804
2018-12-01,206.145,2018,12,21047.02233333333,82.256,127586.0,75790.0,38.859,15.2914866245804,82.256,127586.0,75790.0,38.859,15.2914866245804
2019-01-01,206.535,2019,1,21111.6,82.459,128579.0,81210.0,40.185,15.6728852475003,82.459,128579.0,81210.0,40.185,15.6728852475003
2019-02-01,206.86,2019,2,21207.046,82.459,128579.0,81210.0,40.185,15.6728852475003,82.459,128579.0,81210.0,40.185,15.6728852475003
2019-03-01,207.079,2019,3,21302.492,82.459,128579.0,81210.0,40.185,15.6728852475003,82.459,128579.0,81210.0,40.185,15.6728852475003
2019-04-01,207.532,2019,4,21397.938,82.459,128579.0,81210.0,40.185,15.6728852475003,82.459,128579.0,81210.0,40.185,15.6728852475003
2019-05-01,208.13,2019,5,21504.349,82.459,128579.0,81210.0,40.185,15.6728852475003,82.459,128579.0,81210.0,40.185,15.6728852475003
2019-06-01,208.568,2019,6,21610.76,82.459,128579.0,81210.0,40.185,15.6728852475003,82.459,128579.0,81210.0,40.185,15.6728852475003
2019-07-01,209.18,2019,7,21717.171,82.459,128579.0,81210.0,40.185,15.6728852475003,82.459,128579.0,81210.0,40.185,15.6728852475003
2019-08-01,210.029,2019,8,21789.18633333333,82.459,128579.0,81210.0,40.185,15.6728852475003,82.459,128579.0,81210.0,40.185,15.6728852475003
2019-09-01,210.83,2019,9,21861.201666666668,82.459,128579.0,81210.0,40.185,15.6728852475003,82.459,128579.0,81210.0,40.185,15.6728852475003
2019-10-01,211.73,2019,10,21933.217,82.459,128579.0,81210.0,40.185,15.6728852475003,82.459,128579.0,81210.0,40.185,15.6728852475003
2019-11-01,212.774,2019,11,21864.697,82.459,128579.0,81210.0,40.185,15.6728852475003,82.459,128579.0,81210.0,40.185,15.6728852475003
2019-12-01,213.95,2019,12,21796.177,82.459,128579.0,81210.0,40.185,15.6728852475003,82.459,128579.0,81210.0,40.185,15.6728852475003
2020-01-01,215.049,2020,1,21727.657,82.664,128451.0,79560.0,44.147,16.0719119439363,82.664,128451.0,79560.0,44.147,16.0719119439363
2020-02-01,215.911,2020,2,21130.252666666667,82.664,128451.0,79560.0,44.147,16.0719119439363,82.664,128451.0,79560.0,44.147,16.0719119439363
2020-03-01,216.457,2020,3,20532.84833333333,82.664,128451.0,79560.0,44.147,16.0719119439363,82.664,128451.0,79560.0,44.147,16.0719119439363
2020-04-01,216.846,2020,4,19935.444,82.664,128451.0,79560.0,44.147,16.0719119439363,82.664,128451.0,79560.0,44.147,16.0719119439363
2020-05-01,216.941,2020,5,20518.479666666666,82.664,128451.0,79560.0,44.147,16.0719119439363,82.664,128451.0,79560.0,44.147,16.0719119439363
2020-06-01,217.46400000000003,2020,6,21101.515333333333,82.664,128451.0,79560.0,44.147,16.0719119439363,82.664,128451.0,79560.0,44.147,16.0719119439363
2020-07-01,219.172,2020,7,21684.551,82.664,128451.0,79560.0,44.147,16.0719119439363,82.664,128451.0,79560.0,44.147,16.0719119439363
2020-08-01,222.272,2020,8,21812.623,82.664,128451.0,79560.0,44.147,16.0719119439363,82.664,128451.0,79560.0,44.147,16.0719119439363
2020-09-01,225.717,2020,9,21940.695,82.664,128451.0,79560.0,44.147,16.0719119439363,82.664,128451.0,79560.0,44.147,16.0719119439363
2020-10-01,229.666,2020,10,22068.767,82.664,128451.0,79560.0,44.147,16.0719119439363,82.664,128451.0,79560.0,44.147,16.0719119439363
2020-11-01,233.25,2020,11,22264.77566666667,82.664,128451.0,79560.0,44.147,16.0719119439363,82.664,128451.0,79560.0,44.147,16.0719119439363
2020-12-01,236.587,2020,12,22460.784333333333,82.664,128451.0,79560.0,44.147,16.0719119439363,82.664,128451.0,79560.0,44.147,16.0719119439363
2021-01-01,239.738,2021,1,22656.793,82.873,129224.0,79260.0,45.299,16.4737700238047,82.873,129224.0,79260.0,45.299,16.4737700238047
2021-02-01,242.477,2021,2,22894.149,82.873,129224.0,79260.0,45.299,16.4737700238047,82.873,129224.0,79260.0,45.299,16.4737700238047
2021-03-01,245.546,2021,3,23131.505,82.873,129224.0,79260.0,45.299,16.4737700238047,82.873,129224.0,79260.0,45.299,16.4737700238047
2021-04-01,249.078,2021,4,23368.861,82.873,129224.0,79260.0,45.299,16.4737700238047,82.873,129224.0,79260.0,45.299,16.4737700238047
2021-05-01,253.251,2021,5,23553.237666666668,82.873,129224.0,79260.0,45.299,16.4737700238047,82.873,129224.0,79260.0,45.299,16.4737700238047
2021-06-01,258.018,2021,6,23737.614333333335,82.873,129224.0,79260.0,45.299,16.4737700238047,82.873,129224.0,79260.0,45.299,16.4737700238047
2021-07-01,262.384,2021,7,23921.991,82.873,129224.0,79260.0,45.299,16.4737700238047,82.873,129224.0,79260.0,45.299,16.4737700238047
2021-08-01,266.583,2021,8,24207.006666666668,82.873,129224.0,79260.0,45.299,16.4737700238047,82.873,129224.0,79260.0,45.299,16.4737700238047
2021-09-01,270.153,2021,9,24492.022333333334,82.873,129224.0,79260.0,45.299,16.4737700238047,82.873,129224.0,79260.0,45.299,16.4737700238047
2021-10-01,273.61400000000003,2021,10,24777.038,82.873,129224.0,79260.0,45.299,16.4737700238047,82.873,129224.0,79260.0,45.299,16.4737700238047
2021-11-01,277.377,2021,11,24923.189000000002,82.873,129224.0,79260.0,45.299,16.4737700238047,82.873,129224.0,79260.0,45.299,16.4737700238047
2021-12-01,281.623,2021,12,25069.34,82.873,129224.0,79260.0,45.299,16.4737700238047,82.873,129224.0,79260.0,45.299,16.4737700238047
2022-01-01,286.305,2022,1,25215.491,83.084,131202.0,77540.0,48.021,16.9196203896458,83.084,131202.0,77540.0,48.021,16.9196203896458
2022-02-01,291.362,2022,2,25412.25766666667,83.084,131202.0,77540.0,48.021,16.9196203896458,83.084,131202.0,77540.0,48.021,16.9196203896458
2022-03-01,296.534,2022,3,25609.024333333335,83.084,131202.0,77540.0,48.021,16.9196203896458,83.084,131202.0,77540.0,48.021,16.9196203896458
2022-04-01,300.42400000000004,2022,4,25805.791,83.084,131202.0,77540.0,48.021,16.9196203896458,83.084,131202.0,77540.0,48.021,16.9196203896458
2022-05-01,303.3,2022,5,25961.197666666667,83.084,131202.0,77540.0,48.021,16.9196203896458,83.084,131202.0,77540.0,48.021,16.9196203896458
2022-06-01,304.03,2022,6,26116.604333333333,83.084,131202.0,77540.0,48.021,16.9196203896458,83.084,131202.0,77540.0,48.021,16.9196203896458
2022-07-01,303.10900000000004,2022,7,26272.011,83.084,131202.0,77540.0,48.021,16.9196203896458,83.084,131202.0,77540.0,48.021,16.9196203896458
2022-08-01,300.995,2022,8,26426.099666666665,83.084,131202.0,77540.0,48.021,16.9196203896458,83.084,131202.0,77540.0,48.021,16.9196203896458
2022-09-01,299.014,2022,9,26580.18833333333,83.084,131202.0,77540.0,48.021,16.9196203896458,83.084,131202.0,77540.0,48.021,16.9196203896458
2022-10-01,298.77,2022,10,26734.277,83.084,131202.0,77540.0,48.021,16.9196203896458,83.084,131202.0,77540.0,48.021,16.9196203896458
2022-11-01,298.574,2022,11,26877.637666666666,83.084,131202.0,77540.0,48.021,16.9196203896458,83.084,131202.0,77540.0,48.021,16.9196203896458
2022-12-01,297.893,2022,12,27020.998333333333,83.084,131202.0,77540.0,48.021,16.9196203896458,83.084,131202.0,77540.0,48.021,16.9196203896458
2023-01-01,297.677,2023,1,27164.359,83.298,131434.0,80610.0,53.573,17.4318194823539,83.298,131434.0,80610.0,53.573,17.4318194823539
2023-02-01,298.093,2023,2,27260.844333333334,83.298,131434.0,80610.0,53.573,17.4318194823539,83.298,131434.0,80610.0,53.573,17.4318194823539
2023-03-01,299.072,2023,3,27357.329666666665,83.298,131434.0,80610.0,53.573,17.4318194823539,83.298,131434.0,80610.0,53.573,17.4318194823539
2023-04-01,300.269,2023,4,27453.815,83.298,131434.0,80610.0,53.573,17.4318194823539,83.298,131434.0,80610.0,53.573,17.4318194823539
2023-05-01,302.14,2023,5,27625.109,83.298,131434.0,80610.0,53.573,17.4318194823539,83.298,131434.0,80610.0,53.573,17.4318194823539
2023-06-01,304.038,2023,6,27796.403,83.298,131434.0,80610.0,53.573,17.4318194823539,83.298,131434.0,80610.0,53.573,17.4318194823539
2023-07-01,306.243,2023,7,27967.697,83.298,131434.0,80610.0,53.573,17.4318194823539,83.298,131434.0,80610.0,53.573,17.4318194823539
2023-08-01,309.045,2023,8,28077.453666666668,83.298,131434.0,80610.0,53.573,17.4318194823539,83.298,131434.0,80610.0,53.573,17.4318194823539
2023-09-01,311.176,2023,9,28187.210333333333,83.298,131434.0,80610.0,53.573,17.4318194823539,83.298,131434.0,80610.0,53.573,17.4318194823539
2023-10-01,313.262,2023,10,28296.967,83.298,131434.0,80610.0,53.573,17.4318194823539,83.298,131434.0,80610.0,53.573,17.4318194823539
2023-11-01,314.268,2023,11,28406.001,83.298,131434.0,80610.0,53.573,17.4318194823539,83.298,131434.0,80610.0,53.573,17.4318194823539
2023-12-01,315.075,2023,12,28515.035,83.298,131434.0,80610.0,53.573,17.4318194823539,83.298,131434.0,80610.0,53.573,17.4318194823539
